-- MySQL Script generated by MySQL Workbench
-- Fri Jul  4 19:57:59 2025
-- Model: New Model    Version: 1.0
-- MySQL Workbench Forward Engineering

SET @OLD_UNIQUE_CHECKS=@@UNIQUE_CHECKS, UNIQUE_CHECKS=0;
SET @OLD_FOREIGN_KEY_CHECKS=@@FOREIGN_KEY_CHECKS, FOREIGN_KEY_CHECKS=0;
SET @OLD_SQL_MODE=@@SQL_MODE, SQL_MODE='ONLY_FULL_GROUP_BY,STRICT_TRANS_TABLES,NO_ZERO_IN_DATE,NO_ZERO_DATE,ERROR_FOR_DIVISION_BY_ZERO,NO_ENGINE_SUBSTITUTION';

-- -----------------------------------------------------
-- Schema mydb
-- -----------------------------------------------------

-- -----------------------------------------------------
-- Schema mydb
-- -----------------------------------------------------
CREATE SCHEMA IF NOT EXISTS `mydb` DEFAULT CHARACTER SET utf8 ;
USE `mydb` ;

-- -----------------------------------------------------
-- Table `mydb`.`Apartamento`
-- -----------------------------------------------------
DROP TABLE IF EXISTS `mydb`.`Apartamento` ;

CREATE TABLE IF NOT EXISTS `mydb`.`Apartamento` (
  `idApartamento` INT UNSIGNED NOT NULL AUTO_INCREMENT,
  `qntQuartos` INT NOT NULL,
  `qntSuites` INT NOT NULL,
  `qntSalasEstar` INT NOT NULL,
  `qntSalasJantar` INT NOT NULL,
  `vagasGaragem` INT NOT NULL,
  `area` DOUBLE NOT NULL,
  `armarioEmbutido` VARCHAR(3) NOT NULL,
  `Descricao` TEXT(100) NOT NULL,
  `Andar` VARCHAR(45) NOT NULL,
  `valorCondominio` VARCHAR(45) NOT NULL,
  `portaria24h` VARCHAR(3) NOT NULL,
  `imovel_id` INT UNSIGNED NOT NULL,
  `endereco_id` INT UNSIGNED NOT NULL,
  PRIMARY KEY (`idApartamento`, `endereco_id`),
  INDEX `fk_Apartamento_Imovel1_idx` (`imovel_id` ASC) VISIBLE,
  INDEX `fk_Apartamento_Endereco1_idx` (`endereco_id` ASC) VISIBLE,
  CONSTRAINT `fk_Apartamento_Imovel1`
    FOREIGN KEY (`imovel_id`)
    REFERENCES `mydb`.`Imovel` (`idImovel`)
    ON DELETE NO ACTION
    ON UPDATE NO ACTION,
  CONSTRAINT `fk_Apartamento_Endereco1`
    FOREIGN KEY (`endereco_id`)
    REFERENCES `mydb`.`Endereco` (`idEndereco`)
    ON DELETE NO ACTION
    ON UPDATE NO ACTION)
ENGINE = InnoDB;


-- -----------------------------------------------------
-- Table `mydb`.`Boleto`
-- -----------------------------------------------------
DROP TABLE IF EXISTS `mydb`.`Boleto` ;

CREATE TABLE IF NOT EXISTS `mydb`.`Boleto` (
  `idBoleto` INT UNSIGNED NOT NULL AUTO_INCREMENT,
  `Parcelas` INT NOT NULL,
  `Entrada` DOUBLE NOT NULL,
  `transacao_id` INT UNSIGNED NOT NULL,
  PRIMARY KEY (`idBoleto`, `transacao_id`),
  INDEX `fk_Boleto_Transacao1_idx` (`transacao_id` ASC) VISIBLE,
  CONSTRAINT `fk_Boleto_Transacao1`
    FOREIGN KEY (`transacao_id`)
    REFERENCES `mydb`.`Transacao` (`idTransacao`)
    ON DELETE NO ACTION
    ON UPDATE NO ACTION)
ENGINE = InnoDB;


-- -----------------------------------------------------
-- Table `mydb`.`Cargo`
-- -----------------------------------------------------
DROP TABLE IF EXISTS `mydb`.`Cargo` ;

CREATE TABLE IF NOT EXISTS `mydb`.`Cargo` (
  `idCargo` INT UNSIGNED NOT NULL AUTO_INCREMENT,
  `Nome` VARCHAR(45) NOT NULL,
  `salarioBase` VARCHAR(45) NOT NULL,
  PRIMARY KEY (`idCargo`))
ENGINE = InnoDB;


-- -----------------------------------------------------
-- Table `mydb`.`Casa`
-- -----------------------------------------------------
DROP TABLE IF EXISTS `mydb`.`Casa` ;

CREATE TABLE IF NOT EXISTS `mydb`.`Casa` (
  `idCasa` INT UNSIGNED NOT NULL AUTO_INCREMENT,
  `qntQuartos` INT NOT NULL,
  `qntSalasEstar` INT NOT NULL,
  `qntSalasJantar` INT NOT NULL,
  `vagaGaragem` INT NOT NULL,
  `Area` DOUBLE NOT NULL,
  `armarioEmbutido` VARCHAR(3) NOT NULL,
  `Descricao` TEXT(100) NOT NULL,
  `imovel_id` INT UNSIGNED NOT NULL,
  `endereco_id` INT UNSIGNED NOT NULL,
  PRIMARY KEY (`idCasa`, `imovel_id`, `endereco_id`),
  INDEX `fk_Casa_Imovel1_idx` (`imovel_id` ASC) VISIBLE,
  INDEX `fk_Casa_Endereco1_idx` (`endereco_id` ASC) VISIBLE,
  CONSTRAINT `fk_Casa_Imovel1`
    FOREIGN KEY (`imovel_id`)
    REFERENCES `mydb`.`Imovel` (`idImovel`)
    ON DELETE NO ACTION
    ON UPDATE NO ACTION,
  CONSTRAINT `fk_Casa_Endereco1`
    FOREIGN KEY (`endereco_id`)
    REFERENCES `mydb`.`Endereco` (`idEndereco`)
    ON DELETE NO ACTION
    ON UPDATE NO ACTION)
ENGINE = InnoDB;


-- -----------------------------------------------------
-- Table `mydb`.`Cidade`
-- -----------------------------------------------------
DROP TABLE IF EXISTS `mydb`.`Cidade` ;

CREATE TABLE IF NOT EXISTS `mydb`.`Cidade` (
  `idCidade` INT UNSIGNED NOT NULL AUTO_INCREMENT,
  `Nome` VARCHAR(45) NOT NULL,
  `idEstado` INT UNSIGNED NOT NULL,
  PRIMARY KEY (`idCidade`, `idEstado`),
  INDEX `fk_Cidade_Estado1_idx` (`idEstado` ASC) VISIBLE,
  CONSTRAINT `fk_Cidade_Estado1`
    FOREIGN KEY (`idEstado`)
    REFERENCES `mydb`.`Estado` (`idEstado`)
    ON DELETE NO ACTION
    ON UPDATE NO ACTION)
ENGINE = InnoDB;


-- -----------------------------------------------------
-- Table `mydb`.`Endereco`
-- -----------------------------------------------------
DROP TABLE IF EXISTS `mydb`.`Endereco` ;

CREATE TABLE IF NOT EXISTS `mydb`.`Endereco` (
  `idEndereco` INT UNSIGNED NOT NULL AUTO_INCREMENT,
  `Rua` VARCHAR(45) NOT NULL,
  `Numero` INT NOT NULL,
  `Bairro` VARCHAR(45) NOT NULL,
  `Cep` VARCHAR(45) NOT NULL,
  PRIMARY KEY (`idEndereco`))
ENGINE = InnoDB;


-- -----------------------------------------------------
-- Table `mydb`.`Estado`
-- -----------------------------------------------------
DROP TABLE IF EXISTS `mydb`.`Estado` ;

CREATE TABLE IF NOT EXISTS `mydb`.`Estado` (
  `idEstado` INT UNSIGNED NOT NULL AUTO_INCREMENT,
  `Nome` VARCHAR(45) NOT NULL,
  `Sigla` VARCHAR(2) NOT NULL,
  PRIMARY KEY (`idEstado`))
ENGINE = InnoDB;


-- -----------------------------------------------------
-- Table `mydb`.`Fiador`
-- -----------------------------------------------------
DROP TABLE IF EXISTS `mydb`.`Fiador` ;

CREATE TABLE IF NOT EXISTS `mydb`.`Fiador` (
  `idFiador` INT UNSIGNED NOT NULL AUTO_INCREMENT,
  `pessoa_id` INT UNSIGNED NOT NULL,
  PRIMARY KEY (`idFiador`),
  INDEX `fk_Fiador_Pessoa1_idx` (`pessoa_id` ASC) VISIBLE,
  CONSTRAINT `fk_Fiador_Pessoa1`
    FOREIGN KEY (`pessoa_id`)
    REFERENCES `mydb`.`Pessoa` (`idPessoa`)
    ON DELETE NO ACTION
    ON UPDATE NO ACTION)
ENGINE = InnoDB;


-- -----------------------------------------------------
-- Table `mydb`.`Funcionario`
-- -----------------------------------------------------
DROP TABLE IF EXISTS `mydb`.`Funcionario` ;

CREATE TABLE IF NOT EXISTS `mydb`.`Funcionario` (
  `idFuncionario` INT UNSIGNED NOT NULL AUTO_INCREMENT,
  `telContato` VARCHAR(45) NOT NULL,
  `celular` VARCHAR(45) NOT NULL,
  `dataIngresso` VARCHAR(45) NOT NULL,
  `salarioBase` VARCHAR(45) NOT NULL,
  `pessoa_id` INT UNSIGNED NOT NULL,
  `cargo_id` INT UNSIGNED NOT NULL,
  `sistema_funcionario_id` INT UNSIGNED NOT NULL,
  `transacao_id` INT UNSIGNED NOT NULL,
  PRIMARY KEY (`idFuncionario`),
  INDEX `fk_Funcionario_Pessoa1_idx` (`pessoa_id` ASC) VISIBLE,
  INDEX `fk_Funcionario_Cargo1_idx` (`cargo_id` ASC) VISIBLE,
  INDEX `fk_Funcionario_sistemaFuncionario1_idx` (`sistema_funcionario_id` ASC) VISIBLE,
  INDEX `fk_Funcionario_Transacao1_idx` (`transacao_id` ASC) VISIBLE,
  CONSTRAINT `fk_Funcionario_Pessoa1`
    FOREIGN KEY (`pessoa_id`)
    REFERENCES `mydb`.`Pessoa` (`idPessoa`)
    ON DELETE NO ACTION
    ON UPDATE NO ACTION,
  CONSTRAINT `fk_Funcionario_Cargo1`
    FOREIGN KEY (`cargo_id`)
    REFERENCES `mydb`.`Cargo` (`idCargo`)
    ON DELETE NO ACTION
    ON UPDATE NO ACTION,
  CONSTRAINT `fk_Funcionario_sistemaFuncionario1`
    FOREIGN KEY (`sistema_funcionario_id`)
    REFERENCES `mydb`.`sistemaFuncionario` (`idsistemaFuncionario`)
    ON DELETE NO ACTION
    ON UPDATE NO ACTION,
  CONSTRAINT `fk_Funcionario_Transacao1`
    FOREIGN KEY (`transacao_id`)
    REFERENCES `mydb`.`Transacao` (`idTransacao`)
    ON DELETE NO ACTION
    ON UPDATE NO ACTION)
ENGINE = InnoDB;


-- -----------------------------------------------------
-- Table `mydb`.`Geolocalizacao`
-- -----------------------------------------------------
DROP TABLE IF EXISTS `mydb`.`Geolocalizacao` ;

CREATE TABLE IF NOT EXISTS `mydb`.`Geolocalizacao` (
  `idGeolocalizacao` INT UNSIGNED NOT NULL AUTO_INCREMENT,
  `pontoTuristico` VARCHAR(45) NOT NULL,
  `distanciaMetros` VARCHAR(45) NOT NULL,
  `descricao` TEXT(100) NOT NULL,
  `imovel_id` INT UNSIGNED NOT NULL,
  PRIMARY KEY (`idGeolocalizacao`, `imovel_id`),
  INDEX `fk_Geolocalizacao_Imovel1_idx` (`imovel_id` ASC) VISIBLE,
  CONSTRAINT `fk_Geolocalizacao_Imovel1`
    FOREIGN KEY (`imovel_id`)
    REFERENCES `mydb`.`Imovel` (`idImovel`)
    ON DELETE NO ACTION
    ON UPDATE NO ACTION)
ENGINE = InnoDB;


-- -----------------------------------------------------
-- Table `mydb`.`Imovel`
-- -----------------------------------------------------
DROP TABLE IF EXISTS `mydb`.`Imovel` ;

CREATE TABLE IF NOT EXISTS `mydb`.`Imovel` (
  `idImovel` INT UNSIGNED NOT NULL AUTO_INCREMENT,
  `fotoImovel` VARCHAR(45) NOT NULL,
  `dataConstrucao` DATE NOT NULL,
  `valorSugerido` DOUBLE NOT NULL,
  `Bairro` VARCHAR(45) NOT NULL,
  `is_disponivel` TINYINT NULL DEFAULT 1,
  PRIMARY KEY (`idImovel`))
ENGINE = InnoDB;


-- -----------------------------------------------------
-- Table `mydb`.`Indicacao`
-- -----------------------------------------------------
DROP TABLE IF EXISTS `mydb`.`Indicacao` ;

CREATE TABLE IF NOT EXISTS `mydb`.`Indicacao` (
  `idIndicacao` INT UNSIGNED NOT NULL AUTO_INCREMENT,
  `Nome` VARCHAR(45) NOT NULL,
  `Contato` INT NOT NULL,
  PRIMARY KEY (`idIndicacao`))
ENGINE = InnoDB;


-- -----------------------------------------------------
-- Table `mydb`.`Indicacao_has_clienteUsuario`
-- -----------------------------------------------------
DROP TABLE IF EXISTS `mydb`.`Indicacao_has_clienteUsuario` ;

CREATE TABLE IF NOT EXISTS `mydb`.`Indicacao_has_clienteUsuario` (
  `indicacao_id` INT UNSIGNED NOT NULL,
  `cliente_usuario_id` INT UNSIGNED NOT NULL,
  PRIMARY KEY (`indicacao_id`, `cliente_usuario_id`),
  INDEX `fk_Indicacao_has_clienteUsuario_clienteUsuario1_idx` (`cliente_usuario_id` ASC) VISIBLE,
  INDEX `fk_Indicacao_has_clienteUsuario_Indicacao1_idx` (`indicacao_id` ASC) VISIBLE,
  CONSTRAINT `fk_Indicacao_has_clienteUsuario_Indicacao1`
    FOREIGN KEY (`indicacao_id`)
    REFERENCES `mydb`.`Indicacao` (`idIndicacao`)
    ON DELETE NO ACTION
    ON UPDATE NO ACTION,
  CONSTRAINT `fk_Indicacao_has_clienteUsuario_clienteUsuario1`
    FOREIGN KEY (`cliente_usuario_id`)
    REFERENCES `mydb`.`clienteUsuario` (`idclienteUsuario`)
    ON DELETE NO ACTION
    ON UPDATE NO ACTION)
ENGINE = InnoDB;


-- -----------------------------------------------------
-- Table `mydb`.`Pessoa`
-- -----------------------------------------------------
DROP TABLE IF EXISTS `mydb`.`Pessoa` ;

CREATE TABLE IF NOT EXISTS `mydb`.`Pessoa` (
  `idPessoa` INT UNSIGNED NOT NULL AUTO_INCREMENT,
  `Cpf` VARCHAR(45) NOT NULL,
  `Nome` VARCHAR(45) NOT NULL,
  `Telefone` VARCHAR(45) NOT NULL,
  `Email` VARCHAR(45) NOT NULL,
  `sexo_id` INT UNSIGNED NOT NULL,
  `estado_civil_id` INT UNSIGNED NOT NULL,
  `profissao_id` INT UNSIGNED NOT NULL,
  PRIMARY KEY (`idPessoa`),
  INDEX `fk_Pessoa_Sexo_idx` (`sexo_id` ASC) VISIBLE,
  INDEX `fk_Pessoa_estadoCivil1_idx` (`estado_civil_id` ASC) VISIBLE,
  INDEX `fk_Pessoa_Profissao1_idx` (`profissao_id` ASC) VISIBLE,
  CONSTRAINT `fk_Pessoa_Sexo`
    FOREIGN KEY (`sexo_id`)
    REFERENCES `mydb`.`Sexo` (`idSexo`)
    ON DELETE NO ACTION
    ON UPDATE NO ACTION,
  CONSTRAINT `fk_Pessoa_estadoCivil1`
    FOREIGN KEY (`estado_civil_id`)
    REFERENCES `mydb`.`estadoCivil` (`idestadoCivil`)
    ON DELETE NO ACTION
    ON UPDATE NO ACTION,
  CONSTRAINT `fk_Pessoa_Profissao1`
    FOREIGN KEY (`profissao_id`)
    REFERENCES `mydb`.`Profissao` (`idProfissao`)
    ON DELETE NO ACTION
    ON UPDATE NO ACTION)
ENGINE = InnoDB;


-- -----------------------------------------------------
-- Table `mydb`.`Pix`
-- -----------------------------------------------------
DROP TABLE IF EXISTS `mydb`.`Pix` ;

CREATE TABLE IF NOT EXISTS `mydb`.`Pix` (
  `idPix` INT UNSIGNED NOT NULL AUTO_INCREMENT,
  `Comprovante` VARCHAR(45) NOT NULL,
  `transacao_id` INT UNSIGNED NOT NULL,
  PRIMARY KEY (`idPix`, `transacao_id`),
  INDEX `fk_Pix_Transacao1_idx` (`transacao_id` ASC) VISIBLE,
  CONSTRAINT `fk_Pix_Transacao1`
    FOREIGN KEY (`transacao_id`)
    REFERENCES `mydb`.`Transacao` (`idTransacao`)
    ON DELETE NO ACTION
    ON UPDATE NO ACTION)
ENGINE = InnoDB;


-- -----------------------------------------------------
-- Table `mydb`.`Profissao`
-- -----------------------------------------------------
DROP TABLE IF EXISTS `mydb`.`Profissao` ;

CREATE TABLE IF NOT EXISTS `mydb`.`Profissao` (
  `idProfissao` INT UNSIGNED NOT NULL AUTO_INCREMENT,
  `Descricao` VARCHAR(45) NOT NULL,
  PRIMARY KEY (`idProfissao`))
ENGINE = InnoDB;


-- -----------------------------------------------------
-- Table `mydb`.`Sexo`
-- -----------------------------------------------------
DROP TABLE IF EXISTS `mydb`.`Sexo` ;

CREATE TABLE IF NOT EXISTS `mydb`.`Sexo` (
  `idSexo` INT UNSIGNED NOT NULL AUTO_INCREMENT,
  `descricao` VARCHAR(45) NOT NULL,
  PRIMARY KEY (`idSexo`))
ENGINE = InnoDB;


-- -----------------------------------------------------
-- Table `mydb`.`Terreno`
-- -----------------------------------------------------
DROP TABLE IF EXISTS `mydb`.`Terreno` ;

CREATE TABLE IF NOT EXISTS `mydb`.`Terreno` (
  `idTerreno` INT UNSIGNED NOT NULL AUTO_INCREMENT,
  `Area` DOUBLE NOT NULL,
  `Largura` DOUBLE NOT NULL,
  `Comprimento` DOUBLE NOT NULL,
  `AcliveDeclive` VARCHAR(3) NOT NULL,
  `imovel_id` INT UNSIGNED NOT NULL,
  PRIMARY KEY (`idTerreno`),
  INDEX `fk_Terreno_Imovel1_idx` (`imovel_id` ASC) VISIBLE,
  CONSTRAINT `fk_Terreno_Imovel1`
    FOREIGN KEY (`imovel_id`)
    REFERENCES `mydb`.`Imovel` (`idImovel`)
    ON DELETE NO ACTION
    ON UPDATE NO ACTION)
ENGINE = InnoDB;


-- -----------------------------------------------------
-- Table `mydb`.`Transacao`
-- -----------------------------------------------------
DROP TABLE IF EXISTS `mydb`.`Transacao` ;

CREATE TABLE IF NOT EXISTS `mydb`.`Transacao` (
  `idTransacao` INT UNSIGNED NOT NULL AUTO_INCREMENT,
  `Data` DATETIME NOT NULL,
  `valorReal` DOUBLE NOT NULL,
  `Comissao` DOUBLE NOT NULL,
  `Contrato` VARCHAR(45) NOT NULL,
  `imovel_id` INT UNSIGNED NOT NULL,
  PRIMARY KEY (`idTransacao`),
  INDEX `fk_Transacao_Imovel1_idx` (`imovel_id` ASC) VISIBLE,
  CONSTRAINT `fk_Transacao_Imovel1`
    FOREIGN KEY (`imovel_id`)
    REFERENCES `mydb`.`Imovel` (`idImovel`)
    ON DELETE NO ACTION
    ON UPDATE NO ACTION)
ENGINE = InnoDB;


-- -----------------------------------------------------
-- Table `mydb`.`Transacao_has_cartaoCredito`
-- -----------------------------------------------------
DROP TABLE IF EXISTS `mydb`.`Transacao_has_cartaoCredito` ;

CREATE TABLE IF NOT EXISTS `mydb`.`Transacao_has_cartaoCredito` (
  `transacao_id` INT UNSIGNED NOT NULL,
  `cartao_credito_id` INT UNSIGNED NOT NULL,
  PRIMARY KEY (`transacao_id`, `cartao_credito_id`),
  INDEX `fk_Transacao_has_cartaoCredito_cartaoCredito1_idx` (`cartao_credito_id` ASC) VISIBLE,
  INDEX `fk_Transacao_has_cartaoCredito_Transacao1_idx` (`transacao_id` ASC) VISIBLE,
  CONSTRAINT `fk_Transacao_has_cartaoCredito_Transacao1`
    FOREIGN KEY (`transacao_id`)
    REFERENCES `mydb`.`Transacao` (`idTransacao`)
    ON DELETE NO ACTION
    ON UPDATE NO ACTION,
  CONSTRAINT `fk_Transacao_has_cartaoCredito_cartaoCredito1`
    FOREIGN KEY (`cartao_credito_id`)
    REFERENCES `mydb`.`cartaoCredito` (`idcartaoCredito`)
    ON DELETE NO ACTION
    ON UPDATE NO ACTION)
ENGINE = InnoDB;


-- -----------------------------------------------------
-- Table `mydb`.`agendamentoVisita`
-- -----------------------------------------------------
DROP TABLE IF EXISTS `mydb`.`agendamentoVisita` ;

CREATE TABLE IF NOT EXISTS `mydb`.`agendamentoVisita` (
  `idagendamentoVisita` INT UNSIGNED NOT NULL AUTO_INCREMENT,
  `nomeInteressado` VARCHAR(45) NOT NULL,
  `Contato` VARCHAR(45) NOT NULL,
  `valorReal` VARCHAR(45) NOT NULL,
  `Observacoes` TEXT(100) NOT NULL,
  `dataVisita` DATETIME NOT NULL,
  `usuario_id` INT UNSIGNED NOT NULL,
  PRIMARY KEY (`idagendamentoVisita`),
  INDEX `fk_agendamentoVisita_clienteUsuario1_idx` (`usuario_id` ASC) VISIBLE,
  CONSTRAINT `fk_agendamentoVisita_clienteUsuario1`
    FOREIGN KEY (`usuario_id`)
    REFERENCES `mydb`.`clienteUsuario` (`idclienteUsuario`)
    ON DELETE NO ACTION
    ON UPDATE NO ACTION)
ENGINE = InnoDB;


-- -----------------------------------------------------
-- Table `mydb`.`cartaoCredito`
-- -----------------------------------------------------
DROP TABLE IF EXISTS `mydb`.`cartaoCredito` ;

CREATE TABLE IF NOT EXISTS `mydb`.`cartaoCredito` (
  `idcartaoCredito` INT UNSIGNED NOT NULL AUTO_INCREMENT,
  `Bandeira` VARCHAR(45) NOT NULL,
  `qntParcelas` INT NOT NULL,
  PRIMARY KEY (`idcartaoCredito`))
ENGINE = InnoDB;


-- -----------------------------------------------------
-- Table `mydb`.`categoriaImovel`
-- -----------------------------------------------------
DROP TABLE IF EXISTS `mydb`.`categoriaImovel` ;

-- -----------------------------------------------------
-- Table `mydb`.`clienteProprietario`
-- -----------------------------------------------------
DROP TABLE IF EXISTS `mydb`.`clienteProprietario` ;

CREATE TABLE IF NOT EXISTS `mydb`.`clienteProprietario` (
  `idclienteProprietario` INT UNSIGNED NOT NULL AUTO_INCREMENT,
  `imovel_id` INT UNSIGNED NOT NULL,
  `pessoa_id` INT UNSIGNED NOT NULL,
  PRIMARY KEY (`idclienteProprietario`),
  INDEX `fk_clienteProprietario_Imovel1_idx` (`imovel_id` ASC) VISIBLE,
  INDEX `fk_clienteProprietario_Pessoa1_idx` (`pessoa_id` ASC) VISIBLE,
  CONSTRAINT `fk_clienteProprietario_Imovel1`
    FOREIGN KEY (`imovel_id`)
    REFERENCES `mydb`.`Imovel` (`idImovel`)
    ON DELETE NO ACTION
    ON UPDATE NO ACTION,
  CONSTRAINT `fk_clienteProprietario_Pessoa1`
    FOREIGN KEY (`pessoa_id`)
    REFERENCES `mydb`.`Pessoa` (`idPessoa`)
    ON DELETE NO ACTION
    ON UPDATE NO ACTION)
ENGINE = InnoDB;


-- -----------------------------------------------------
-- Table `mydb`.`clienteUsuario`
-- -----------------------------------------------------
DROP TABLE IF EXISTS `mydb`.`clienteUsuario` ;

CREATE TABLE IF NOT EXISTS `mydb`.`clienteUsuario` (
  `idclienteUsuario` INT UNSIGNED NOT NULL AUTO_INCREMENT,
  `indicacao_id` INT UNSIGNED NOT NULL,
  `transacao_id` INT UNSIGNED NOT NULL,
  PRIMARY KEY (`idclienteUsuario`),
  INDEX `fk_clienteUsuario_Indicacao1_idx` (`indicacao_id` ASC) VISIBLE,
  INDEX `fk_clienteUsuario_Transacao1_idx` (`transacao_id` ASC) VISIBLE,
  CONSTRAINT `fk_clienteUsuario_Indicacao1`
    FOREIGN KEY (`indicacao_id`)
    REFERENCES `mydb`.`Indicacao` (`idIndicacao`)
    ON DELETE NO ACTION
    ON UPDATE NO ACTION,
  CONSTRAINT `fk_clienteUsuario_Transacao1`
    FOREIGN KEY (`transacao_id`)
    REFERENCES `mydb`.`Transacao` (`idTransacao`)
    ON DELETE NO ACTION
    ON UPDATE NO ACTION)
ENGINE = InnoDB;


-- -----------------------------------------------------
-- Table `mydb`.`estadoCivil`
-- -----------------------------------------------------
DROP TABLE IF EXISTS `mydb`.`estadoCivil` ;

CREATE TABLE IF NOT EXISTS `mydb`.`estadoCivil` (
  `idestadoCivil` INT UNSIGNED NOT NULL AUTO_INCREMENT,
  `Descricao` VARCHAR(45) NOT NULL,
  PRIMARY KEY (`idestadoCivil`))
ENGINE = InnoDB;


-- -----------------------------------------------------
-- Table `mydb`.`salaComercial`
-- -----------------------------------------------------
DROP TABLE IF EXISTS `mydb`.`salaComercial` ;

CREATE TABLE IF NOT EXISTS `mydb`.`salaComercial` (
  `idsalaComercial` INT UNSIGNED NOT NULL AUTO_INCREMENT,
  `area` DOUBLE NOT NULL,
  `qntBanheiros` INT NOT NULL,
  `qntComodos` INT NOT NULL,
  `imovel_id` INT UNSIGNED NOT NULL,
  `endereco_id` INT UNSIGNED NOT NULL,
  PRIMARY KEY (`idsalaComercial`, `imovel_id`, `endereco_id`),
  INDEX `fk_salaComercial_Imovel1_idx` (`imovel_id` ASC) VISIBLE,
  INDEX `fk_salaComercial_Endereco1_idx` (`endereco_id` ASC) VISIBLE,
  CONSTRAINT `fk_salaComercial_Imovel1`
    FOREIGN KEY (`imovel_id`)
    REFERENCES `mydb`.`Imovel` (`idImovel`)
    ON DELETE NO ACTION
    ON UPDATE NO ACTION,
  CONSTRAINT `fk_salaComercial_Endereco1`
    FOREIGN KEY (`endereco_id`)
    REFERENCES `mydb`.`Endereco` (`idEndereco`)
    ON DELETE NO ACTION
    ON UPDATE NO ACTION)
ENGINE = InnoDB;


-- -----------------------------------------------------
-- Table `mydb`.`sistemaFuncionario`
-- -----------------------------------------------------
DROP TABLE IF EXISTS `mydb`.`sistemaFuncionario` ;

CREATE TABLE IF NOT EXISTS `mydb`.`sistemaFuncionario` (
  `idsistemaFuncionario` INT UNSIGNED NOT NULL AUTO_INCREMENT,
  `usuario` VARCHAR(45) NOT NULL,
  `senha` VARCHAR(100) NOT NULL,
  PRIMARY KEY (`idsistemaFuncionario`))
ENGINE = InnoDB;


SET SQL_MODE=@OLD_SQL_MODE;
SET FOREIGN_KEY_CHECKS=@OLD_FOREIGN_KEY_CHECKS;
SET UNIQUE_CHECKS=@OLD_UNIQUE_CHECKS;

-- Tabela Sexo
INSERT INTO Sexo (descricao) VALUES ('Masculino');
INSERT INTO Sexo (descricao) VALUES ('Feminino');
INSERT INTO Sexo (descricao) VALUES ('Outro');
INSERT INTO Sexo (descricao) VALUES ('Prefere não dizer');
INSERT INTO Sexo (descricao) VALUES ('Não especificado');

-- Tabela estadoCivil
INSERT INTO estadoCivil (Descricao) VALUES ('Solteiro');
INSERT INTO estadoCivil (Descricao) VALUES ('Casado');
INSERT INTO estadoCivil (Descricao) VALUES ('Divorciado');
INSERT INTO estadoCivil (Descricao) VALUES ('Viúvo');
INSERT INTO estadoCivil (Descricao) VALUES ('União estável');

-- Tabela Profissao
INSERT INTO Profissao (Descricao) VALUES ('Professor');
INSERT INTO Profissao (Descricao) VALUES ('Engenheiro');
INSERT INTO Profissao (Descricao) VALUES ('Médico');
INSERT INTO Profissao (Descricao) VALUES ('Advogado');
INSERT INTO Profissao (Descricao) VALUES ('Arquiteto');

-- Tabela Estado
INSERT INTO Estado (Nome, Sigla) VALUES ('Pará', 'PA');
INSERT INTO Estado (Nome, Sigla) VALUES ('São Paulo', 'SP');
INSERT INTO Estado (Nome, Sigla) VALUES ('Rio de Janeiro', 'RJ');
INSERT INTO Estado (Nome, Sigla) VALUES ('Minas Gerais', 'MG');
INSERT INTO Estado (Nome, Sigla) VALUES ('Bahia', 'BA');

-- Tabela Endereco
INSERT INTO Endereco (Rua, Numero, Bairro, Cep) VALUES ('Rua São Pedro', 123, 'Velha Marabá', '68500000');
INSERT INTO Endereco (Rua, Numero, Bairro, Cep) VALUES ('Avenida Tocantins', 456, 'Amapá', '68501000');
INSERT INTO Endereco (Rua, Numero, Bairro, Cep) VALUES ('Rua das Flores', 789, 'Nova Marabá', '68502000');
INSERT INTO Endereco (Rua, Numero, Bairro, Cep) VALUES ('Travessa Liberdade', 321, 'Cidade Nova', '68503000');
INSERT INTO Endereco (Rua, Numero, Bairro, Cep) VALUES ('Rua Boa Esperança', 654, 'Belo Horizonte', '68504000');

-- Sexo
INSERT INTO Sexo (descricao) VALUES
('Masculino'),
('Feminino'),
('Outro'),
('Prefere não dizer'),
('Não especificado');

-- Estado Civil
INSERT INTO estadoCivil (Descricao) VALUES
('Solteiro'),
('Casado'),
('Divorciado'),
('Viúvo'),
('União estável');

-- Profissão
INSERT INTO Profissao (Descricao) VALUES
('Professor'),
('Engenheiro'),
('Médico'),
('Advogado'),
('Arquiteto');

-- Estado
INSERT INTO Estado (Nome, Sigla) VALUES
('Pará', 'PA'),
('São Paulo', 'SP'),
('Rio de Janeiro', 'RJ'),
('Minas Gerais', 'MG'),
('Bahia', 'BA');

-- Cidade
INSERT INTO Cidade (Nome, idEstado) VALUES
('Marabá', 1),
('Belém', 1),
('São Paulo', 2),
('Rio de Janeiro', 3),
('Belo Horizonte', 4);

-- Endereço
INSERT INTO Endereco (Rua, Numero, Bairro, Cep) VALUES
('Rua São Pedro', 123, 'Velha Marabá', '68500000'),
('Av. Tocantins', 456, 'Amapá', '68501000'),
('Rua das Flores', 789, 'Nova Marabá', '68502000'),
('Travessa Liberdade', 321, 'Cidade Nova', '68503000'),
('Rua Boa Esperança', 654, 'Belo Horizonte', '68504000');

-- Pessoa
INSERT INTO Pessoa (Cpf, Nome, Telefone, Email, sexo_id, estado_civil_id, profissao_id) VALUES
('12345678901', 'Carlos Silva', '94981234567', 'carlos@gmail.com', 1, 1, 1),
('23456789012', 'Ana Souza', '94987654321', 'ana@hotmail.com', 2, 2, 2),
('34567890123', 'João Oliveira', '94983456789', 'joao@outlook.com', 1, 3, 3),
('45678901234', 'Mariana Lima', '94982233445', 'mariana@yahoo.com', 2, 4, 4),
('56789012345', 'Paulo Mendes', '94981112233', 'paulo@gmail.com', 1, 5, 5);

-- Imovel
INSERT INTO Imovel (fotoImovel, dataConstrucao, valorSugerido, Bairro) VALUES
('foto1.jpg', '2010-05-10', 300000, 'Velha Marabá'),
('foto2.jpg', '2012-08-15', 250000, 'Nova Marabá'),
('foto3.jpg', '2015-03-22', 450000, 'Cidade Nova'),
('foto4.jpg', '2018-11-30', 600000, 'Belo Horizonte'),
('foto5.jpg', '2020-07-05', 700000, 'Amapá');

-- Apartamento
INSERT INTO Apartamento (qntQuartos, qntSuites, qntSalasEstar, qntSalasJantar, vagasGaragem, area, armarioEmbutido, Descricao, Andar, valorCondominio, portaria24h, imovel_id, endereco_id) VALUES
(3, 1, 1, 1, 1, 95.0, 'Sim', 'Apartamento com varanda', '5', '350.00', 'Sim', 1, 1),
(2, 1, 1, 1, 2, 85.0, 'Não', 'Apartamento funcional', '3', '300.00', 'Não', 2, 2),
(4, 2, 2, 1, 2, 120.0, 'Sim', 'Cobertura com vista', '8', '500.00', 'Sim', 3, 3),
(3, 1, 1, 1, 1, 100.0, 'Sim', 'Ótima localização', '4', '400.00', 'Não', 4, 4),
(2, 1, 1, 1, 1, 90.0, 'Não', 'Reformado e iluminado', '2', '280.00', 'Sim', 5, 5);

-- Casa
INSERT INTO Casa (qntQuartos, qntSalasEstar, qntSalasJantar, vagaGaragem, Area, armarioEmbutido, Descricao, imovel_id, endereco_id) VALUES
(3, 1, 1, 2, 120.5, 'Sim', 'Casa arejada com quintal', 1, 1),
(2, 1, 1, 1, 100.0, 'Não', 'Casa simples', 2, 2),
(4, 2, 1, 2, 200.0, 'Sim', 'Com jardim', 3, 3),
(3, 1, 1, 2, 150.0, 'Sim', 'Garagem coberta', 4, 4),
(2, 1, 1, 1, 95.0, 'Não', 'Compacta', 5, 5);

-- Sala Comercial
INSERT INTO salaComercial (area, qntBanheiros, qntComodos, imovel_id, endereco_id) VALUES
(50.0, 1, 2, 1, 1),
(65.5, 2, 3, 2, 2),
(40.0, 1, 2, 3, 3),
(80.0, 2, 4, 4, 4),
(70.0, 1, 2, 5, 5);

-- Terreno
INSERT INTO Terreno (Area, Largura, Comprimento, AcliveDeclive, imovel_id) VALUES
(300.0, 10.0, 30.0, 'Não', 1),
(500.0, 20.0, 25.0, 'Sim', 2),
(250.0, 12.0, 20.0, 'Não', 3),
(450.0, 15.0, 30.0, 'Sim', 4),
(600.0, 20.0, 30.0, 'Não', 5);

-- Transacao
INSERT INTO Transacao (Data, valorReal, Comissao, Contrato, imovel_id) VALUES
('2024-01-01 10:00:00', 310000, 5000, 'CTR-001', 1),
('2024-01-15 14:30:00', 255000, 4800, 'CTR-002', 2),
('2024-02-05 09:15:00', 460000, 6000, 'CTR-003', 3),
('2024-03-10 16:45:00', 615000, 7200, 'CTR-004', 4),
('2024-04-20 11:20:00', 710000, 9500, 'CTR-005', 5);

-- Pix
INSERT INTO Pix (Comprovante, transacao_id) VALUES
('comp_pix_001', 1),
('comp_pix_002', 2),
('comp_pix_003', 3),
('comp_pix_004', 4),
('comp_pix_005', 5);

-- Boleto
INSERT INTO Boleto (Parcelas, Entrada, transacao_id) VALUES
(10, 20000.00, 1),
(12, 15000.00, 2),
(8, 10000.00, 3),
(6, 25000.00, 4),
(9, 18000.00, 5);

-- cartaoCredito
INSERT INTO cartaoCredito (Bandeira, qntParcelas) VALUES
('Visa', 12),
('MasterCard', 10),
('Elo', 6),
('Amex', 8),
('Hipercard', 5);

-- sistemaFuncionario
INSERT INTO sistemaFuncionario (usuario, senha) VALUES
('admin', 'senha123'),
('user1', 'senha456'),
('user2', 'senha789'),
('admin2', 'senha321'),
('user3', 'senha654');

-- clienteUsuario
INSERT INTO clienteUsuario (indicacao_id, transacao_id) VALUES
(1, 1),
(2, 2),
(3, 3),
(4, 4),
(5, 5);

-- clienteProprietario
INSERT INTO clienteProprietario (imovel_id, pessoa_id) VALUES
(1, 1),
(2, 2),
(3, 3),
(4, 4),
(5, 5);

-- Fiador
INSERT INTO Fiador (pessoa_id) VALUES
(1),
(2),
(3),
(4),
(5);

-- Funcionario
INSERT INTO Funcionario (telContato, celular, dataIngresso, salarioBase, pessoa_id, cargo_id, sistema_funcionario_id, transacao_id) VALUES
('949800001', '949899991', '2022-01-15', '3500', 1, 1, 1, 1),
('949800002', '949899992', '2022-02-15', '4000', 2, 2, 2, 2),
('949800003', '949899993', '2022-03-15', '4500', 3, 3, 3, 3),
('949800004', '949899994', '2022-04-15', '5000', 4, 4, 4, 4),
('949800005', '949899995', '2022-05-15', '5500', 5, 5, 5, 5);

-- Cargo
INSERT INTO Cargo (Nome, salarioBase) VALUES
('Corretor', '3000'),
('Supervisor', '5000'),
('Gerente', '7000'),
('Diretor', '9000'),
('CEO', '15000');

-- Geolocalizacao
INSERT INTO Geolocalizacao (pontoTuristico, distanciaMetros, descricao, imovel_id) VALUES
('Orla do Tocantins', '500', 'Vista para o rio', 1),
('Shopping Pátio Marabá', '800', 'Próximo ao centro', 2),
('Praça São Félix', '300', 'Área tranquila', 3),
('Rodoviária', '1000', 'Fácil acesso', 4),
('IFPA', '600', 'Próximo ao campus', 5);

-- agendamentoVisita
INSERT INTO agendamentoVisita (nomeInteressado, Contato, valorReal, Observacoes, dataVisita, usuario_id) VALUES
('Lucas Costa', '9498112233', '310000', 'Financiamento', '2024-07-10 14:00:00', 1),
('Bruna Lima', '9498223344', '255000', 'Com o esposo', '2024-07-12 10:30:00', 2),
('Mateus Silva', '9498334455', '460000', 'Verificar estrutura', '2024-07-13 16:15:00', 3),
('Paula Nunes', '9498445566', '615000', 'Comparar imóveis', '2024-07-14 09:45:00', 4),
('Ricardo Mendes', '9498556677', '710000', 'Alugar', '2024-07-15 11:20:00', 5);

-- Indicacao
INSERT INTO Indicacao (Nome, Contato) VALUES
('Juliana Rocha', 949900001),
('Tiago Santos', 949900002),
('Mariana Souza', 949900003),
('Felipe Alves', 949900004),
('Patrícia Mendes', 949900005);

-- Transacao_has_cartaoCredito
INSERT INTO Transacao_has_cartaoCredito (transacao_id, cartao_credito_id) VALUES
(1, 1),
(2, 2),
(3, 3),
(4, 4),
(5, 5);

-- Indicacao_has_clienteUsuario
INSERT INTO Indicacao_has_clienteUsuario (indicacao_id, cliente_usuario_id) VALUES
(1, 1),
(2, 2),
(3, 3),
(4, 4),
(5, 5);






